<?xml version="1.0" encoding="utf-8"?>
<feed xmlns="http://www.w3.org/2005/Atom">
    <id>http://tommy.nz</id>
    <title>Tommy</title>
    <updated>2019-06-09T09:03:43.057Z</updated>
    <generator>https://github.com/jpmonette/feed</generator>
    <link rel="alternate" href="http://tommy.nz"/>
    <link rel="self" href="http://tommy.nz/atom.xml"/>
    <subtitle>TOMMY.NZ</subtitle>
    <logo>http://tommy.nz/images/avatar.png</logo>
    <icon>http://tommy.nz/favicon.ico</icon>
    <rights>All rights reserved 2019, Tommy</rights>
    <entry>
        <title type="html"><![CDATA[TOMMYS.NZ - 临时主页 임시 홈페이지 index.html]]></title>
        <id>http://tommy.nz/post/home</id>
        <link href="http://tommy.nz/post/home">
        </link>
        <updated>2019-05-26T15:48:07.000Z</updated>
        <summary type="html"><![CDATA[<p>欢迎访问 临时主页。<br>
환영합니다, 임시 홈페이지입니다.<br>
WELCOME, UNDER CONSTRUCTION.<br>
您可以访问 <a href="http://tommys.cn">Tommys.cn</a> 及 <a href="http://besttz.com">Besttz.com</a> 获取现有资讯。</p>
]]></summary>
        <content type="html"><![CDATA[<p>欢迎访问 临时主页。<br>
환영합니다, 임시 홈페이지입니다.<br>
WELCOME, UNDER CONSTRUCTION.<br>
您可以访问 <a href="http://tommys.cn">Tommys.cn</a> 及 <a href="http://besttz.com">Besttz.com</a> 获取现有资讯。</p>
<!-- more -->
]]></content>
    </entry>
</feed>