<?xml version="1.0" encoding="utf-8"?>
<feed xmlns="http://www.w3.org/2005/Atom">
    <id>/Users/Tommy/Documents/Gridea/output</id>
    <title>Tommy</title>
    <updated>2019-06-09T08:51:35.123Z</updated>
    <generator>https://github.com/jpmonette/feed</generator>
    <link rel="alternate" href="/Users/Tommy/Documents/Gridea/output"/>
    <link rel="self" href="/Users/Tommy/Documents/Gridea/output/atom.xml"/>
    <subtitle>TOMMY.NZ</subtitle>
    <logo>/Users/Tommy/Documents/Gridea/output/images/avatar.png</logo>
    <icon>/Users/Tommy/Documents/Gridea/output/favicon.ico</icon>
    <rights>All rights reserved 2019, Tommy</rights>
    <entry>
        <title type="html"><![CDATA[TOMMYS.NZ - 临时主页 임시 홈페이지 index.html]]></title>
        <id>/Users/Tommy/Documents/Gridea/output/post/home/index.html</id>
        <link href="/Users/Tommy/Documents/Gridea/output/post/home/index.html">
        </link>
        <updated>2019-05-26T15:48:07.000Z</updated>
        <summary type="html"><![CDATA[<p>欢迎访问 临时主页。<br>
환영합니다, 임시 홈페이지입니다.<br>
WELCOME, UNDER CONSTRUCTION.<br>
您可以访问 <a href="http://tommys.cn">Tommys.cn</a> 及 <a href="http://besttz.com">Besttz.com</a> 获取现有资讯。</p>
]]></summary>
        <content type="html"><![CDATA[<p>欢迎访问 临时主页。<br>
환영합니다, 임시 홈페이지입니다.<br>
WELCOME, UNDER CONSTRUCTION.<br>
您可以访问 <a href="http://tommys.cn">Tommys.cn</a> 及 <a href="http://besttz.com">Besttz.com</a> 获取现有资讯。</p>
<!-- more -->
]]></content>
    </entry>
</feed>